{
  "moduleName": "mypod",
  "tables": [
    {
      "name": "category",
      "dartName": "Category",
      "module": "mypod",
      "schema": "public",
      "columns": [
        {
          "name": "id",
          "columnType": 2,
          "isNullable": false,
          "columnDefault": "nextval('category_id_seq'::regclass)",
          "dartType": "int?"
        },
        {
          "name": "name",
          "columnType": 0,
          "isNullable": false,
          "dartType": "String"
        }
      ],
      "foreignKeys": [],
      "indexes": [
        {
          "indexName": "category_pkey",
          "elements": [
            {
              "type": 0,
              "definition": "id"
            }
          ],
          "type": "btree",
          "isUnique": true,
          "isPrimary": true
        }
      ],
      "managed": true
    },
    {
      "name": "order",
      "dartName": "Order",
      "module": "mypod",
      "schema": "public",
      "columns": [
        {
          "name": "id",
          "columnType": 2,
          "isNullable": false,
          "columnDefault": "nextval('order_id_seq'::regclass)",
          "dartType": "int?"
        },
        {
          "name": "orderDate",
          "columnType": 4,
          "isNullable": false,
          "dartType": "DateTime"
        },
        {
          "name": "customerId",
          "columnType": 2,
          "isNullable": false,
          "dartType": "int"
        },
        {
          "name": "addresss",
          "columnType": 0,
          "isNullable": false,
          "dartType": "String"
        }
      ],
      "foreignKeys": [],
      "indexes": [
        {
          "indexName": "order_pkey",
          "elements": [
            {
              "type": 0,
              "definition": "id"
            }
          ],
          "type": "btree",
          "isUnique": true,
          "isPrimary": true
        }
      ],
      "managed": true
    },
    {
      "name": "order_part",
      "dartName": "OrderPart",
      "module": "mypod",
      "schema": "public",
      "columns": [
        {
          "name": "id",
          "columnType": 2,
          "isNullable": false,
          "columnDefault": "nextval('order_part_id_seq'::regclass)",
          "dartType": "int?"
        },
        {
          "name": "productId",
          "columnType": 2,
          "isNullable": false,
          "dartType": "int"
        },
        {
          "name": "amount",
          "columnType": 2,
          "isNullable": false,
          "dartType": "int"
        },
        {
          "name": "orderId",
          "columnType": 2,
          "isNullable": false,
          "dartType": "int"
        },
        {
          "name": "status",
          "columnType": 0,
          "isNullable": false,
          "dartType": "String"
        }
      ],
      "foreignKeys": [],
      "indexes": [
        {
          "indexName": "order_part_pkey",
          "elements": [
            {
              "type": 0,
              "definition": "id"
            }
          ],
          "type": "btree",
          "isUnique": true,
          "isPrimary": true
        }
      ],
      "managed": true
    },
    {
      "name": "product",
      "dartName": "Product",
      "module": "mypod",
      "schema": "public",
      "columns": [
        {
          "name": "id",
          "columnType": 2,
          "isNullable": false,
          "columnDefault": "nextval('product_id_seq'::regclass)",
          "dartType": "int?"
        },
        {
          "name": "name",
          "columnType": 0,
          "isNullable": false,
          "dartType": "String"
        },
        {
          "name": "units",
          "columnType": 0,
          "isNullable": false,
          "dartType": "String"
        },
        {
          "name": "minSize",
          "columnType": 2,
          "isNullable": false,
          "dartType": "int"
        },
        {
          "name": "cost",
          "columnType": 3,
          "isNullable": false,
          "dartType": "double"
        },
        {
          "name": "categoryId",
          "columnType": 2,
          "isNullable": false,
          "dartType": "int"
        },
        {
          "name": "shopId",
          "columnType": 2,
          "isNullable": false,
          "dartType": "int"
        },
        {
          "name": "imageUrl",
          "columnType": 0,
          "isNullable": false,
          "dartType": "String"
        }
      ],
      "foreignKeys": [],
      "indexes": [
        {
          "indexName": "product_pkey",
          "elements": [
            {
              "type": 0,
              "definition": "id"
            }
          ],
          "type": "btree",
          "isUnique": true,
          "isPrimary": true
        }
      ],
      "managed": true
    },
    {
      "name": "user",
      "dartName": "User",
      "module": "mypod",
      "schema": "public",
      "columns": [
        {
          "name": "id",
          "columnType": 2,
          "isNullable": false,
          "columnDefault": "nextval('user_id_seq'::regclass)",
          "dartType": "int?"
        },
        {
          "name": "name",
          "columnType": 0,
          "isNullable": false,
          "dartType": "String"
        },
        {
          "name": "email",
          "columnType": 0,
          "isNullable": false,
          "dartType": "String"
        },
        {
          "name": "password",
          "columnType": 0,
          "isNullable": false,
          "dartType": "String"
        },
        {
          "name": "phone",
          "columnType": 0,
          "isNullable": false,
          "dartType": "String"
        },
        {
          "name": "imageUrl",
          "columnType": 0,
          "isNullable": false,
          "dartType": "String"
        }
      ],
      "foreignKeys": [],
      "indexes": [
        {
          "indexName": "user_pkey",
          "elements": [
            {
              "type": 0,
              "definition": "id"
            }
          ],
          "type": "btree",
          "isUnique": true,
          "isPrimary": true
        }
      ],
      "managed": true
    }
  ],
  "installedModules": [
    {
      "module": "serverpod",
      "version": "20240115074235544"
    }
  ],
  "migrationApiVersion": 1
}